{
  "project_info": {
    "project_number": "968754037313",
    "project_id": "vpmfood-6bdb6",
    "storage_bucket": "vpmfood-6bdb6.appspot.com"
  },
  "client": [
    {
      "client_info": {
        "mobilesdk_app_id": "1:968754037313:android:80884fb0d11f8e9d747cc0",
        "android_client_info": {
          "package_name": "com.cp.vpm"
        }
      },
      "oauth_client": [
        {
          "client_id": "968754037313-7o5m51jvvjej6cev85s2vehqgl6jfuvj.apps.googleusercontent.com",
          "client_type": 3
        }
      ],
      "api_key": [
        {
          "current_key": "AIzaSyB8nu9YdIb3waNyqSlr1287DRMPSmmLLjM"
        }
      ],
      "services": {
        "appinvite_service": {
          "other_platform_oauth_client": [
            {
              "client_id": "968754037313-7o5m51jvvjej6cev85s2vehqgl6jfuvj.apps.googleusercontent.com",
              "client_type": 3
            }
          ]
        }
      }
    }
  ],
  "configuration_version": "1"
}